SensorType,Time (s),ToF_Sensor1 (mm),ToF_Sensor2 (mm)
ToF,0.0,306.0,335.0
ToF,0.052,307.0,340.0
ToF,0.149,308.0,345.0
ToF,0.252,308.0,350.0
ToF,0.354,307.0,356.0
ToF,0.454,310.0,378.0
ToF,0.553,310.0,435.0
ToF,0.653,312.0,587.0
ToF,0.752,313.0,703.0
ToF,0.851,313.0,741.0
ToF,0.953,311.0,766.0
ToF,1.051,310.0,760.0
ToF,1.148,310.0,747.0
ToF,1.254,309.0,718.0
ToF,1.349,312.0,683.0
ToF,1.451,311.0,657.0
ToF,1.551,313.0,646.0
ToF,1.654,310.0,641.0
ToF,1.749,314.0,642.0
ToF,1.854,318.0,652.0
ToF,1.954,324.0,656.0
ToF,2.054,330.0,652.0
ToF,2.151,331.0,653.0
ToF,2.251,333.0,660.0
ToF,2.355,331.0,665.0
ToF,2.453,336.0,663.0
ToF,2.552,352.0,663.0
ToF,2.65,384.0,652.0
ToF,2.749,452.0,672.0
ToF,2.851,392.0,671.0
ToF,2.951,367.0,665.0
ToF,3.051,342.0,657.0
ToF,3.154,338.0,655.0
ToF,3.253,341.0,673.0
ToF,3.352,344.0,716.0
ToF,3.453,346.0,769.0
ToF,3.551,348.0,782.0
ToF,3.651,352.0,730.0
ToF,3.752,347.0,702.0
ToF,3.852,345.0,662.0
ToF,3.955,336.0,653.0
ToF,4.053,331.0,688.0
ToF,4.152,326.0,672.0
ToF,4.254,326.0,685.0
ToF,4.355,315.0,692.0
ToF,4.454,314.0,693.0
ToF,4.55,314.0,695.0
ToF,4.654,313.0,690.0
ToF,4.755,313.0,703.0
ToF,4.851,310.0,705.0

SensorType,Time (s),AccX (g),AccY (g),AccZ (g),GyroX (бу/s),GyroY (бу/s),GyroZ (бу/s)
IMU,0.0,-0.019,-0.78,0.653,13.526,13.282,-7.374
IMU,0.009,0.003,-0.825,0.661,8.9,9.656,-3.167
IMU,0.017,0.03,-0.815,0.66,0.969,-4.549,0.213
IMU,0.02,0.005,-0.798,0.672,-1.679,-1.671,1.213
IMU,0.025,-0.007,-0.808,0.669,-3.282,-4.778,0.091
IMU,0.029,0.025,-0.785,0.666,-2.755,-1.923,-1.297
IMU,0.037,0.007,-0.814,0.665,-4.152,-0.687,1.839
IMU,0.043,-0.006,-0.811,0.67,-6.557,-4.801,1.137
IMU,0.047,0.012,-0.809,0.667,-9.793,3.015,0.236
IMU,0.052,0.001,-0.811,0.657,-10.068,1.038,-1.816
IMU,0.061,0.011,-0.805,0.65,-12.534,-2.404,-0.534
IMU,0.064,0.008,-0.81,0.645,-11.931,-9.122,-0.755
IMU,0.068,-0.008,-0.8,0.651,-11.809,-2.358,5.16
IMU,0.074,0.0,-0.801,0.65,-7.717,-0.374,-2.099
IMU,0.077,0.012,-0.813,0.644,-6.45,-0.503,-0.122
IMU,0.084,-0.003,-0.805,0.645,-2.374,2.091,0.251
IMU,0.088,0.002,-0.812,0.649,0.099,0.488,0.29
IMU,0.093,-0.001,-0.812,0.653,0.0,0.061,-1.19
IMU,0.096,0.0,-0.813,0.653,-1.305,1.832,-2.312
IMU,0.1,0.006,-0.807,0.652,1.984,-1.244,-2.145
IMU,0.106,0.004,-0.804,0.66,2.122,2.679,0.511
IMU,0.109,-0.003,-0.804,0.66,0.152,-0.969,1.32
IMU,0.116,-0.004,-0.806,0.658,3.343,-0.328,-0.358
IMU,0.121,0.01,-0.811,0.651,-1.77,-1.832,0.534
IMU,0.124,0.014,-0.804,0.649,-1.083,3.145,-0.564
IMU,0.128,-0.002,-0.803,0.668,-1.717,-4.045,2.297
IMU,0.136,0.003,-0.801,0.652,-2.954,5.801,-1.183
IMU,0.139,-0.0,-0.805,0.652,-3.419,-2.984,0.068
IMU,0.145,0.0,-0.812,0.659,-3.748,-0.656,2.854
IMU,0.149,0.011,-0.798,0.651,-5.572,-4.099,0.32
IMU,0.156,-0.0,-0.812,0.657,-3.541,6.58,-2.053
IMU,0.161,-0.006,-0.805,0.645,-3.946,-0.122,0.396
IMU,0.164,-0.0,-0.818,0.654,-3.114,-5.274,-0.511
IMU,0.173,0.007,-0.811,0.645,-3.076,2.938,-0.854
IMU,0.179,0.002,-0.8,0.639,-3.297,4.099,-1.167
IMU,0.183,-0.003,-0.812,0.638,-2.412,-5.366,0.763
IMU,0.188,-0.014,-0.805,0.646,-1.534,-0.198,-0.305
IMU,0.191,0.007,-0.814,0.648,0.076,2.77,-0.633
IMU,0.197,0.0,-0.813,0.65,-2.229,2.984,2.656
IMU,0.202,0.02,-0.803,0.649,0.045,0.885,-2.099
IMU,0.206,0.001,-0.812,0.652,-0.076,2.374,-0.137
IMU,0.212,0.01,-0.81,0.65,-0.442,4.007,-0.702
IMU,0.216,-0.002,-0.798,0.664,0.48,1.053,0.702
IMU,0.22,0.004,-0.817,0.658,-1.358,2.656,-0.015
IMU,0.224,0.0,-0.806,0.647,1.893,4.213,-1.374
IMU,0.227,-0.01,-0.809,0.648,2.656,1.106,2.091
IMU,0.233,-0.004,-0.796,0.65,3.534,7.427,-5.412
IMU,0.242,0.02,-0.808,0.651,1.122,2.244,-3.015
IMU,0.245,0.003,-0.818,0.653,-1.442,1.435,-2.175
IMU,0.252,0.004,-0.798,0.667,-0.839,5.114,-1.068
IMU,0.257,-0.015,-0.791,0.655,0.32,4.282,-0.954
IMU,0.261,0.001,-0.803,0.652,1.954,8.656,-5.152
IMU,0.264,-0.003,-0.802,0.659,-0.572,7.015,-2.923
IMU,0.27,0.022,-0.803,0.662,-2.099,6.572,1.236
IMU,0.274,-0.002,-0.811,0.665,-2.442,1.007,0.419
IMU,0.281,0.0,-0.799,0.655,-4.893,1.312,0.847
IMU,0.284,0.001,-0.804,0.669,-3.625,-2.633,-0.244
IMU,0.289,0.001,-0.8,0.66,-5.77,4.748,-0.328
IMU,0.293,0.007,-0.799,0.657,-4.832,-2.496,1.16
IMU,0.296,-0.003,-0.807,0.663,-5.549,-0.923,-1.511
IMU,0.302,-0.004,-0.802,0.642,-4.229,7.29,-4.221
IMU,0.307,0.003,-0.813,0.651,-5.183,2.61,-1.519
IMU,0.311,-0.004,-0.808,0.645,-3.641,9.175,-7.061
IMU,0.316,-0.029,-0.789,0.65,-2.793,-3.984,-0.847
IMU,0.32,-0.028,-0.812,0.657,-5.786,6.534,-2.893
IMU,0.327,-0.043,-0.822,0.653,-4.541,4.694,-4.618
IMU,0.334,-0.001,-0.818,0.661,-5.198,0.77,-7.068
IMU,0.338,-0.0,-0.817,0.664,-6.488,5.931,-3.725
IMU,0.346,0.027,-0.815,0.658,-13.961,9.755,-4.083
IMU,0.354,0.037,-0.823,0.651,-11.48,5.0,-3.931
IMU,0.358,0.036,-0.827,0.651,-14.335,7.022,-2.625
IMU,0.366,0.042,-0.807,0.64,-11.374,-4.923,0.694
IMU,0.369,-0.002,-0.814,0.647,-12.48,-0.58,0.885
IMU,0.377,-0.002,-0.818,0.643,-11.396,-3.618,-3.229
IMU,0.385,-0.006,-0.814,0.644,-7.122,1.801,-0.801
IMU,0.388,0.003,-0.817,0.648,-8.03,2.045,-0.16
IMU,0.396,0.001,-0.82,0.64,-7.007,-0.839,-1.022
IMU,0.404,0.005,-0.806,0.649,-6.32,3.282,-2.557
IMU,0.408,0.005,-0.826,0.638,-3.244,0.954,1.251
IMU,0.416,-0.0,-0.828,0.646,-5.916,2.87,-0.022
IMU,0.422,0.001,-0.823,0.651,-6.343,-2.145,-1.687
IMU,0.426,0.002,-0.814,0.645,-8.87,-1.961,-0.038
IMU,0.432,0.0,-0.824,0.64,-3.473,0.251,-1.412
IMU,0.436,0.006,-0.817,0.634,-1.786,-4.763,1.267
IMU,0.441,0.011,-0.808,0.629,-3.625,1.503,0.748
IMU,0.444,0.001,-0.807,0.645,-0.854,3.404,0.167
IMU,0.448,-0.001,-0.804,0.658,-0.366,1.305,-0.076
IMU,0.454,-0.004,-0.806,0.65,-0.801,7.809,-4.137
IMU,0.461,0.015,-0.83,0.636,2.664,0.977,-3.427
IMU,0.465,0.016,-0.821,0.633,4.938,4.763,-3.58
IMU,0.469,0.008,-0.808,0.652,4.519,0.412,-0.198
IMU,0.473,-0.003,-0.814,0.656,4.374,4.496,-1.778
IMU,0.477,-0.005,-0.812,0.642,2.068,5.801,-2.832
IMU,0.482,0.018,-0.816,0.636,5.74,8.694,-2.885
IMU,0.486,-0.008,-0.818,0.648,6.015,7.038,-1.48
IMU,0.493,0.019,-0.818,0.652,5.801,-0.198,0.786
IMU,0.498,0.0,-0.799,0.634,8.931,9.007,-1.816
IMU,0.502,0.02,-0.831,0.624,7.48,1.381,-0.45
IMU,0.505,-0.003,-0.813,0.643,5.954,-5.29,-1.099
IMU,0.509,-0.048,-0.841,0.616,6.74,-9.839,5.717
IMU,0.515,-0.042,-0.823,0.642,3.885,-13.511,8.923
IMU,0.521,-0.055,-0.791,0.65,14.954,10.732,-8.839
IMU,0.525,0.017,-0.833,0.661,22.961,27.145,-15.694
IMU,0.53,0.0,-0.805,0.645,25.167,26.015,-13.969
IMU,0.533,-0.01,-0.773,0.654,26.664,4.893,1.969
IMU,0.542,0.037,-0.766,0.661,26.824,10.503,-1.664
IMU,0.549,-0.022,-0.787,0.661,19.648,-3.488,-3.534
IMU,0.553,-0.014,-0.785,0.675,21.458,1.969,-4.755
IMU,0.558,-0.041,-0.806,0.693,18.549,5.343,-7.969
IMU,0.563,-0.067,-0.788,0.666,10.419,9.763,-8.763
IMU,0.567,-0.054,-0.827,0.644,10.923,7.091,0.778
IMU,0.572,-0.059,-0.868,0.686,13.183,12.16,0.786
IMU,0.577,-0.047,-0.828,0.663,11.335,15.854,-17.541
IMU,0.581,-0.077,-0.787,0.678,7.534,23.809,-20.61
IMU,0.586,-0.032,-0.874,0.713,1.022,21.503,-12.152
IMU,0.589,-0.008,-0.822,0.718,-12.213,12.312,-13.74
IMU,0.596,-0.056,-0.79,0.675,-4.679,22.763,-11.694
IMU,0.602,-0.012,-0.801,0.652,-14.625,19.297,-26.366
IMU,0.606,-0.033,-0.603,0.591,-26.755,13.717,-16.732
IMU,0.615,0.004,-0.875,0.749,-23.564,3.687,-7.32
IMU,0.622,0.019,-1.039,0.862,-22.755,8.274,-11.259
IMU,0.626,-0.101,-0.838,0.727,-27.526,20.328,-14.152
IMU,0.634,-0.071,-0.609,0.667,-31.503,12.778,-7.167
IMU,0.642,-0.03,-0.616,0.676,-33.374,16.625,-17.877
IMU,0.645,-0.07,-0.867,0.688,-17.526,13.77,-12.541
IMU,0.653,-0.009,-0.686,0.613,-33.206,3.572,9.03
IMU,0.661,-0.132,-0.3,0.37,-47.274,19.259,17.473
IMU,0.665,-0.02,-0.953,0.75,-41.694,13.442,-0.32
IMU,0.672,-0.069,-0.656,0.648,-74.992,27.015,-27.259
IMU,0.676,-0.064,-1.077,0.782,-52.32,-8.328,-15.671
IMU,0.684,-0.055,-0.814,0.683,-58.297,0.938,3.534
IMU,0.69,0.023,-0.921,0.658,-44.748,30.625,-5.274
IMU,0.694,-0.043,-0.48,0.357,-48.251,17.923,-14.519
IMU,0.702,0.099,-0.706,0.632,-49.29,20.022,-12.244
IMU,0.708,-0.033,-0.332,0.401,-36.58,26.534,-15.877
IMU,0.712,-0.066,-0.294,0.271,-38.335,29.412,-8.251
IMU,0.717,0.061,-0.818,0.578,-25.267,-11.564,-11.526
IMU,0.72,0.023,-0.809,0.481,-28.068,12.32,-19.206
IMU,0.726,-0.031,-0.913,0.52,-8.748,0.526,-16.725
IMU,0.733,0.0,-0.622,0.582,-25.519,30.633,-7.954
IMU,0.736,0.02,-0.647,0.575,-34.709,18.526,-1.961
IMU,0.745,-0.002,-1.015,0.806,-29.022,-13.618,10.167
IMU,0.752,0.015,-0.669,0.572,-16.511,5.381,14.458
IMU,0.757,0.409,-0.608,0.218,72.625,-66.335,55.045
IMU,0.761,0.733,-2.0,1.266,204.74,-52.412,85.702
IMU,0.764,-0.087,-1.423,1.036,250.129,6.183,83.076
IMU,0.773,0.005,-0.645,0.541,250.129,-2.671,35.083
IMU,0.78,-0.099,-0.68,0.779,205.061,-8.419,-37.671
IMU,0.784,-0.308,-1.05,0.78,121.648,-36.564,-74.145
IMU,0.789,-0.324,-1.003,0.781,128.656,-46.152,-59.022
IMU,0.792,0.0,-0.838,0.644,122.832,-11.847,-42.732
IMU,0.796,0.164,-0.765,0.757,194.16,40.954,-6.709
IMU,0.804,0.085,-0.763,0.596,196.32,-12.511,-6.763
IMU,0.809,-0.054,-0.718,0.659,196.152,40.312,-30.564
IMU,0.813,-0.146,-0.601,0.65,203.656,21.305,-39.633
IMU,0.82,-0.105,-0.666,0.797,209.458,24.45,-58.335
IMU,0.824,-0.028,-0.619,0.598,207.259,39.908,-36.755
IMU,0.828,-0.029,-0.714,0.776,216.58,68.076,-45.267
IMU,0.832,0.024,-0.687,0.778,219.106,31.969,-56.076
IMU,0.835,-0.022,-0.614,0.767,223.267,37.664,-51.229
IMU,0.841,-0.016,-0.62,0.787,213.725,43.755,-69.229
IMU,0.844,-0.022,-0.577,0.891,203.839,53.206,-74.648
IMU,0.851,0.072,-0.642,0.847,198.74,59.77,-71.954
IMU,0.856,-0.008,-0.54,0.911,207.801,39.9,-69.45
IMU,0.86,0.085,-0.639,0.917,198.0,49.809,-74.381
IMU,0.864,0.057,-0.48,0.996,187.511,42.824,-59.091
IMU,0.869,0.051,-0.507,1.023,153.801,24.664,-45.251
IMU,0.873,-0.011,-0.823,1.05,127.022,29.145,-36.648
IMU,0.878,-0.016,-0.459,1.049,81.687,22.496,-31.847
IMU,0.881,-0.02,-0.531,1.0,52.16,15.923,-27.16
IMU,0.888,0.004,-0.515,0.956,46.175,18.725,-19.145
IMU,0.892,0.012,-0.489,0.915,43.244,2.671,-7.244
IMU,0.896,-0.062,-0.457,0.939,48.335,2.03,-0.19
IMU,0.9,-0.12,-0.514,0.934,43.839,-1.77,8.396
IMU,0.905,-0.247,-0.47,0.921,33.916,-8.87,11.167
IMU,0.909,-0.465,-0.555,0.959,29.48,-20.839,20.389
IMU,0.916,-0.187,-0.669,1.024,-1.229,15.893,16.129
IMU,0.921,-0.279,-0.52,1.201,-30.549,10.282,23.534
IMU,0.925,-0.222,-0.513,0.904,-70.03,-19.839,-14.206
IMU,0.931,-0.048,-0.055,0.643,-108.725,1.664,33.954
IMU,0.934,0.645,-0.245,0.454,-90.236,40.404,87.328
IMU,0.941,0.538,-0.636,1.087,34.732,-63.099,98.244
IMU,0.945,0.399,-0.908,0.837,90.832,1.816,126.732
IMU,0.949,0.181,-0.371,0.837,87.343,-22.335,118.946
IMU,0.953,0.178,-0.791,0.749,33.389,-32.374,103.343
IMU,0.957,-0.386,-0.38,0.923,9.045,6.45,-16.526
IMU,0.963,0.032,-0.615,0.816,64.61,34.335,100.091
IMU,0.967,-0.278,-0.419,0.884,50.488,72.267,21.007
IMU,0.971,-0.459,-0.296,0.942,38.167,24.847,-31.358
IMU,0.977,-0.53,-0.471,1.081,38.48,72.763,-64.717
IMU,0.98,0.286,-0.736,1.16,8.496,19.938,105.694
IMU,0.988,0.56,0.079,0.367,69.549,-39.106,120.229
IMU,0.992,0.23,-0.762,1.084,116.519,6.648,161.755
IMU,0.996,0.004,-0.579,1.075,68.137,35.351,-108.473
IMU,1.005,0.142,-0.563,1.027,35.885,5.328,-7.977
IMU,1.011,0.032,-0.578,1.301,17.603,4.412,34.885
IMU,1.015,-0.163,-0.321,0.582,21.885,0.916,-38.755
IMU,1.02,-0.411,-0.253,1.039,-17.717,-6.763,-84.427
IMU,1.023,-0.55,-0.166,1.19,-65.572,-8.885,-122.099
IMU,1.027,-0.7,-0.343,1.385,-170.076,-44.656,-188.687
IMU,1.033,0.462,-0.853,0.414,-239.984,-61.114,52.145
IMU,1.036,0.57,-1.282,1.062,61.633,-117.236,250.129
IMU,1.043,0.443,0.193,0.102,250.129,59.48,250.129
IMU,1.048,0.087,0.168,0.117,219.839,167.053,95.549
IMU,1.051,-0.129,-0.016,0.449,178.213,118.068,101.832
IMU,1.056,0.013,-0.575,0.9,87.198,40.656,-16.763
IMU,1.063,-0.169,-0.31,0.832,3.778,-9.87,-13.198
IMU,1.067,-0.19,-0.184,0.859,-41.053,-96.435,-27.374
IMU,1.073,-0.456,-0.086,0.982,-94.961,-68.969,-109.534
IMU,1.076,-0.498,-0.207,1.063,-65.992,-99.244,-216.633
IMU,1.083,-0.455,-0.432,1.117,-38.328,37.954,-179.839
IMU,1.088,-0.541,-0.529,1.089,-48.786,64.801,-162.251
IMU,1.092,-0.5,-0.363,1.045,-100.847,-55.984,-101.763
IMU,1.096,-0.225,-0.418,0.87,-125.816,48.358,-46.236
IMU,1.101,-0.027,0.071,0.112,-123.786,37.763,1.954
IMU,1.105,0.109,-0.748,0.929,-33.954,-54.297,78.816
IMU,1.11,0.326,-0.216,0.946,57.862,121.152,-13.801
IMU,1.113,0.146,-1.246,1.57,45.77,60.015,-38.633
IMU,1.119,0.252,-0.543,0.985,-3.732,-74.053,31.404
IMU,1.126,0.355,-0.14,0.554,-116.893,-50.427,2.801
IMU,1.129,0.259,-0.65,1.057,-115.946,-24.641,-22.58
IMU,1.137,0.24,-0.464,0.912,-189.77,-0.083,5.992
IMU,1.145,0.447,-1.543,1.999,-126.671,-61.229,0.87
IMU,1.148,0.021,-0.632,0.733,-59.74,59.366,58.305
IMU,1.157,0.052,-0.474,0.895,-116.923,-34.824,38.488
IMU,1.16,-0.119,0.093,0.367,-171.809,-0.893,29.519
IMU,1.168,-0.032,-0.601,0.862,-142.9,-21.862,24.396
IMU,1.176,-0.142,-0.779,1.031,-111.183,-55.274,32.587
IMU,1.179,-0.143,-0.625,0.904,-105.358,-15.183,29.511
IMU,1.187,-0.13,-0.427,0.771,-116.519,-26.358,2.641
IMU,1.193,-0.218,-0.628,1.089,-151.618,-14.305,9.435
IMU,1.197,-0.098,-0.727,1.053,-160.343,-32.931,32.633
IMU,1.203,0.1,-1.052,1.297,-191.083,16.038,22.488
IMU,1.207,-0.111,0.128,0.27,-197.473,-42.305,18.61
IMU,1.212,0.101,-0.825,0.85,-166.58,-6.328,23.763
IMU,1.215,0.079,-0.648,0.571,-128.328,-14.213,27.045
IMU,1.219,0.135,-0.803,1.042,-146.961,-8.992,16.503
IMU,1.225,0.078,-0.696,0.862,-123.717,-26.297,13.221
IMU,1.228,-0.015,-0.098,0.628,-130.801,-36.106,18.396
IMU,1.235,0.136,-0.574,0.561,-73.755,-31.763,37.175
IMU,1.24,0.104,-0.325,0.485,-60.312,-42.229,23.664
IMU,1.243,0.136,-0.53,0.583,-35.671,-19.297,49.259
IMU,1.25,0.105,-0.389,0.394,9.816,-29.427,41.603
IMU,1.254,0.006,-0.105,0.327,10.152,-45.435,28.755
IMU,1.259,0.046,-0.824,0.653,38.526,-40.801,7.435
IMU,1.262,0.026,-1.051,1.049,43.839,-22.969,27.458
IMU,1.266,0.074,-0.585,0.568,40.778,-34.748,22.16
IMU,1.272,-0.002,-0.713,0.72,37.251,-12.122,9.015
IMU,1.278,-0.006,-0.471,0.524,46.167,-20.641,21.366
IMU,1.283,-0.075,0.064,0.282,24.801,-41.755,22.351
IMU,1.287,0.016,-0.558,0.665,38.45,-3.633,20.633
IMU,1.29,-0.016,-0.758,0.757,35.549,-12.595,10.503
IMU,1.294,-0.022,-0.928,0.941,35.954,-0.763,-3.167
IMU,1.3,-0.047,-0.737,0.733,26.847,4.549,-3.77
IMU,1.303,0.016,-0.672,0.729,28.106,-7.038,16.435
IMU,1.31,-0.03,-0.685,0.74,42.702,-3.343,5.671
IMU,1.313,-0.045,-0.655,0.786,47.122,10.007,-3.0
IMU,1.317,-0.009,-0.667,0.767,52.267,12.48,-10.465
IMU,1.322,-0.065,-0.588,0.793,46.954,12.534,-13.557
IMU,1.325,-0.105,-0.643,0.765,48.893,0.29,-4.267
IMU,1.329,0.015,-0.644,0.774,40.183,0.061,-5.969
IMU,1.335,-0.01,-0.625,0.789,42.335,12.389,-7.442
IMU,1.338,0.034,-0.704,0.861,39.633,19.274,-15.244
IMU,1.345,-0.015,-0.611,0.84,30.389,14.473,-19.954
IMU,1.349,0.025,-0.588,0.84,30.007,12.717,-6.099
IMU,1.356,-0.012,-0.593,0.851,20.595,-9.16,3.877
IMU,1.364,-0.011,-0.579,0.842,9.946,-9.152,7.061
IMU,1.368,0.149,-0.809,0.94,10.076,-4.152,6.458
IMU,1.375,0.037,-0.63,0.878,-13.954,-6.137,14.633
IMU,1.383,-0.109,-0.559,0.837,-15.297,-4.633,25.183
IMU,1.387,0.049,-0.658,0.81,-8.396,-8.358,11.702
IMU,1.395,-0.065,-0.615,0.768,-15.977,-4.977,12.229
IMU,1.398,-0.049,-0.609,0.775,7.587,-1.114,18.572
IMU,1.404,0.006,-0.908,1.044,18.19,-2.625,11.465
IMU,1.411,-0.173,-0.515,0.597,33.862,-4.473,15.473
IMU,1.414,-0.106,-0.351,0.522,33.213,-2.969,17.213
IMU,1.419,-0.093,-0.505,0.626,47.946,4.687,33.076
IMU,1.422,-0.116,-0.362,0.598,70.893,-19.083,3.595
IMU,1.426,-0.088,-0.298,0.665,62.129,8.221,-10.526
IMU,1.432,-0.031,-0.99,0.958,82.541,36.206,-25.007
IMU,1.435,-0.067,-0.829,0.847,49.251,-12.824,-11.297
IMU,1.442,-0.057,-0.188,0.553,43.175,34.045,12.793
IMU,1.447,0.02,-0.638,0.967,39.0,-8.244,0.541
IMU,1.451,0.011,-0.734,1.099,22.068,-27.961,7.503
IMU,1.457,0.145,-0.772,0.952,-14.282,-12.87,26.694
IMU,1.461,-0.062,0.074,0.287,-55.893,-29.015,42.511
IMU,1.47,-0.096,-0.617,0.993,-16.312,-38.648,44.954
IMU,1.474,-0.077,-0.037,0.355,-35.641,-36.442,59.77
IMU,1.48,-0.195,-0.798,0.986,-1.32,-23.106,22.061
IMU,1.484,-0.127,-0.464,0.648,6.267,-32.709,19.908
IMU,1.489,-0.079,-0.657,0.858,14.48,-24.19,30.312
IMU,1.492,-0.074,-1.017,1.241,47.702,-20.961,34.465
IMU,1.496,-0.146,-0.576,0.757,42.77,-6.343,23.29
IMU,1.502,0.029,-0.748,0.981,70.137,-22.137,11.145
IMU,1.505,-0.085,-0.135,0.518,47.854,2.923,5.374
IMU,1.512,0.057,-0.427,0.75,47.625,-25.221,14.511
IMU,1.516,0.004,-0.641,0.861,57.198,-19.74,3.19
IMU,1.521,0.073,-0.643,0.925,48.183,-5.343,9.671
IMU,1.529,0.136,-0.511,0.776,26.656,-3.152,28.488
IMU,1.533,0.042,-0.449,0.821,29.175,-10.549,42.473
IMU,1.541,0.148,-0.766,1.087,14.0,-11.068,39.702
IMU,1.547,0.011,-0.583,0.687,24.694,-21.923,57.259
IMU,1.551,-0.012,-0.791,1.02,14.603,-46.015,63.564
IMU,1.556,-0.017,-0.634,0.839,5.74,-44.297,62.801
IMU,1.565,-0.083,-0.646,0.87,39.687,-33.106,40.61
IMU,1.568,-0.164,-0.65,0.911,34.786,-11.923,27.274
IMU,1.572,-0.068,-0.264,0.646,51.19,-13.694,47.801
IMU,1.578,-0.089,-0.76,0.967,65.755,-18.083,61.541
IMU,1.582,-0.185,-1.03,1.214,99.687,-53.0,35.412
IMU,1.589,0.024,-1.834,1.837,171.832,-23.183,10.435
IMU,1.594,-0.148,-0.688,0.969,136.625,-44.854,5.114
IMU,1.598,-0.014,-1.019,1.604,87.251,-13.74,28.648
IMU,1.604,0.162,-0.685,1.049,61.419,25.412,41.343
IMU,1.607,0.085,-0.423,1.025,44.496,-12.213,21.572
IMU,1.614,0.195,-0.84,1.133,29.801,-23.916,62.603
IMU,1.619,0.076,-0.457,0.738,17.549,-47.763,69.328
IMU,1.623,0.076,-0.553,0.911,-6.335,-8.77,58.229
IMU,1.629,0.105,-0.917,1.022,12.641,-22.114,57.694
IMU,1.632,0.072,-0.313,0.652,-18.274,-34.45,70.145
IMU,1.639,0.117,-0.828,1.153,-31.793,-45.671,82.809
IMU,1.644,-0.132,-0.376,0.624,3.625,-34.977,64.48
IMU,1.648,0.035,-0.565,0.718,13.251,2.083,83.061
IMU,1.654,0.11,-1.094,1.308,39.732,-31.648,76.992
IMU,1.658,-0.065,-0.278,0.719,54.824,-22.664,37.679
IMU,1.663,-0.091,-0.809,1.072,67.801,-34.839,56.106
IMU,1.666,-0.025,-0.832,1.138,58.122,-46.671,67.648
IMU,1.67,-0.113,-0.853,1.197,86.206,-23.396,77.893
IMU,1.676,0.039,-0.414,0.894,84.442,-10.618,56.526
IMU,1.683,0.022,0.276,0.139,61.862,-30.786,13.198
IMU,1.687,0.095,-0.09,0.699,81.007,-2.969,-2.946
IMU,1.691,0.105,-0.918,1.622,71.083,6.625,17.213
IMU,1.695,0.074,-0.739,1.062,48.351,-21.213,10.076
IMU,1.699,0.1,-0.277,0.964,54.87,46.809,27.099
IMU,1.704,0.083,-0.429,0.988,21.847,-19.099,11.122
IMU,1.708,0.044,-0.546,1.112,12.679,4.213,23.809
IMU,1.715,0.017,-0.459,0.885,8.03,-8.206,11.229
IMU,1.72,-0.026,-0.341,0.914,-2.442,-15.32,33.16
IMU,1.724,-0.036,-0.521,1.088,6.458,-8.305,35.87
IMU,1.73,-0.035,-0.508,1.316,12.816,-6.099,39.152
IMU,1.733,-0.0,-0.314,1.067,-26.671,6.931,28.259
IMU,1.74,-0.139,0.065,0.565,7.137,31.175,34.954
IMU,1.745,-0.037,0.016,0.521,-2.923,-7.923,22.45
IMU,1.749,-0.116,-0.337,0.946,59.717,17.526,10.938
IMU,1.755,-0.043,-0.85,1.044,52.053,0.198,-0.778
IMU,1.759,-0.126,0.078,0.352,15.404,-25.625,23.717
IMU,1.766,0.023,-0.714,1.182,79.755,20.366,50.038
IMU,1.775,-0.017,-1.116,1.666,120.259,-24.641,8.984
IMU,1.783,0.034,-0.295,0.482,40.442,12.969,34.809
IMU,1.786,0.072,-0.111,0.757,20.9,6.274,12.236
IMU,1.794,0.061,-0.472,0.901,9.9,-30.587,15.648
IMU,1.798,-0.05,-0.788,1.865,4.694,-49.572,37.847
IMU,1.806,0.018,-0.676,1.514,6.328,-23.954,55.396
IMU,1.813,0.01,-0.353,0.884,38.19,9.404,39.862
IMU,1.817,-0.03,-0.667,1.346,-24.977,-44.824,57.358
IMU,1.825,0.082,-0.197,1.16,32.335,-10.946,71.839
IMU,1.833,0.05,0.211,0.153,1.244,2.458,21.778
IMU,1.836,0.009,0.448,-0.13,0.832,19.946,43.671
IMU,1.842,0.083,0.206,0.379,-19.229,-36.427,70.709
IMU,1.846,0.119,0.43,0.064,8.748,-1.916,71.145
IMU,1.854,0.021,-0.064,0.625,14.244,-30.893,44.748
IMU,1.861,0.09,-0.726,1.2,63.053,-48.015,40.091
IMU,1.865,-0.014,-0.565,1.338,73.854,-35.664,46.343
IMU,1.869,0.045,-0.423,1.137,15.526,-42.786,71.45
IMU,1.876,0.108,0.322,-0.026,74.122,21.496,68.679
IMU,1.88,-0.019,-1.247,1.679,121.732,-77.526,80.213
IMU,1.884,-0.065,-1.302,1.506,174.038,-83.839,67.465
IMU,1.888,0.009,-0.232,0.921,79.419,-20.236,97.938
IMU,1.892,-0.088,-0.925,1.466,71.984,-44.839,35.198
IMU,1.897,0.044,-0.306,0.901,37.083,-60.458,68.458
IMU,1.901,0.129,-0.741,1.37,52.244,-5.511,52.564
IMU,1.908,-0.063,-0.111,0.605,56.992,-47.511,109.725
IMU,1.911,0.101,0.178,0.198,84.816,-27.824,109.503
IMU,1.916,0.115,-0.074,0.47,96.267,1.351,49.175
IMU,1.923,0.069,-0.409,1.014,44.854,-4.427,57.48
IMU,1.926,0.114,-0.172,0.774,46.656,-21.893,38.038
IMU,1.931,-0.084,-0.844,1.493,21.534,-51.984,80.343
IMU,1.934,0.168,0.08,0.428,-2.648,-14.732,84.656
IMU,1.938,0.09,-0.214,0.88,28.87,-17.908,111.809
IMU,1.944,0.071,-0.201,0.897,18.045,14.244,102.687
IMU,1.947,-0.009,-0.377,1.054,38.442,-30.465,93.938
IMU,1.954,0.049,-0.292,0.777,38.412,-33.496,83.694
IMU,1.959,-0.035,-0.931,1.596,55.335,-26.671,36.671
IMU,1.963,-0.178,-0.902,1.999,10.374,-35.908,109.099
IMU,1.97,-0.059,-0.386,1.036,21.641,-37.725,55.877
IMU,1.974,-0.003,-0.095,0.689,0.343,-20.396,63.969
IMU,1.978,0.061,-0.214,0.675,31.709,-40.847,75.885
IMU,1.984,-0.024,-0.284,0.792,37.236,-8.32,88.183
IMU,1.987,-0.11,-0.366,1.001,44.488,-8.061,68.793
IMU,1.994,0.0,-0.233,0.868,56.969,5.114,67.908
IMU,1.997,0.067,0.05,0.229,59.106,-4.015,38.984
IMU,2.001,0.066,-0.138,0.536,85.595,2.87,25.137
IMU,2.006,-0.076,-0.683,1.403,83.755,12.61,41.412
IMU,2.009,-0.081,-0.604,1.15,98.114,-5.312,35.809
IMU,2.013,-0.062,-0.4,1.112,93.893,19.77,44.763
IMU,2.019,0.099,-0.079,0.505,80.351,27.236,47.038
IMU,2.022,0.104,0.011,0.625,81.167,30.198,67.748
IMU,2.027,0.03,-0.237,0.693,95.931,8.717,47.083
IMU,2.031,0.031,-0.271,0.905,81.458,9.129,45.442
IMU,2.035,0.049,-0.095,0.735,74.488,11.488,35.335
IMU,2.04,0.034,-0.223,0.697,86.625,-14.404,48.633
IMU,2.044,0.042,-0.374,1.041,73.328,8.305,32.709
IMU,2.051,-0.067,-0.295,1.06,63.404,8.496,31.946
IMU,2.054,-0.021,-0.347,1.151,53.442,11.541,50.557
IMU,2.063,-0.012,-0.242,0.929,54.656,21.351,16.793
IMU,2.071,-0.019,-0.231,0.959,19.61,1.603,8.061
IMU,2.079,-0.038,-0.304,1.048,17.015,6.435,3.473
IMU,2.083,-0.033,-0.277,1.037,11.832,6.129,9.793
IMU,2.09,-0.033,-0.264,1.033,-8.236,-2.671,8.809
IMU,2.094,-0.033,-0.214,1.047,-18.267,-4.038,9.587
IMU,2.103,-0.039,-0.214,1.038,-19.679,-10.763,6.526
IMU,2.108,-0.048,-0.211,1.029,-22.847,-9.358,3.664
IMU,2.112,-0.033,-0.214,1.025,-26.824,-3.717,0.442
IMU,2.119,-0.031,-0.227,1.025,-23.412,-1.893,0.839
IMU,2.123,-0.024,-0.236,1.018,-23.61,-3.732,2.312
IMU,2.127,-0.03,-0.234,1.01,-20.625,-8.251,3.229
IMU,2.131,-0.033,-0.219,1.019,-19.435,0.992,5.229
IMU,2.136,-0.025,-0.19,1.02,-12.015,8.702,14.58
IMU,2.14,-0.007,-0.218,1.026,-5.824,8.106,13.312
IMU,2.147,-0.001,-0.145,1.003,-5.61,5.099,16.366
IMU,2.151,-0.02,-0.216,1.029,1.786,-1.625,10.007
IMU,2.158,-0.052,-0.286,1.035,5.618,4.526,1.0
IMU,2.166,-0.021,-0.295,1.001,5.19,-0.923,9.129
IMU,2.17,-0.01,-0.291,1.029,7.61,6.259,5.435
IMU,2.178,-0.006,-0.254,0.999,1.618,2.335,8.396
IMU,2.183,-0.017,-0.235,1.039,5.709,0.633,14.175
IMU,2.187,-0.014,-0.244,1.025,4.916,7.587,15.786
IMU,2.194,-0.038,-0.219,1.022,7.358,8.557,13.229
IMU,2.198,-0.047,-0.208,1.007,4.763,-2.442,12.992
IMU,2.202,-0.05,-0.231,1.019,3.198,-0.854,7.938
IMU,2.205,-0.049,-0.217,1.014,6.465,-0.465,5.809
IMU,2.209,-0.038,-0.217,1.007,6.259,6.076,5.549
IMU,2.215,-0.037,-0.229,1.022,4.442,6.335,-0.03
IMU,2.218,-0.03,-0.248,1.026,6.007,2.106,-0.221
IMU,2.225,-0.023,-0.245,1.035,2.931,-0.267,5.549
IMU,2.23,-0.027,-0.24,1.016,1.221,1.206,6.969
IMU,2.234,-0.028,-0.229,1.029,2.114,2.702,7.778
IMU,2.24,-0.028,-0.211,1.028,-0.671,-1.58,6.488
IMU,2.243,-0.034,-0.206,1.025,0.152,0.282,3.519
IMU,2.248,-0.048,-0.218,1.024,-3.381,3.977,2.77
IMU,2.251,-0.034,-0.231,1.023,-3.358,-4.9,5.183
IMU,2.256,-0.03,-0.227,1.016,-1.16,6.664,5.305
IMU,2.261,-0.029,-0.239,1.039,-2.961,2.083,2.801
IMU,2.269,-0.011,-0.242,1.012,-6.793,-3.0,6.167
IMU,2.272,-0.024,-0.247,1.029,-8.9,-5.351,12.557
IMU,2.277,-0.039,-0.23,1.033,-10.16,2.312,10.793
IMU,2.281,-0.056,-0.219,1.025,-10.709,-8.007,11.068
IMU,2.284,-0.063,-0.206,1.023,-11.656,-11.893,4.61
IMU,2.29,-0.069,-0.205,1.025,-12.458,-7.358,-1.679
IMU,2.294,-0.048,-0.213,1.023,-12.03,-2.694,-8.351
IMU,2.298,-0.038,-0.215,1.031,-15.251,-7.961,-10.954
IMU,2.302,-0.049,-0.205,1.01,-17.984,-10.053,-12.282
IMU,2.308,-0.011,-0.241,1.002,-21.717,-16.832,-6.839
IMU,2.312,-0.025,-0.247,1.0,-31.083,-22.229,-6.29
IMU,2.316,-0.08,-0.214,0.964,-40.954,-38.389,-5.236
IMU,2.32,-0.103,-0.168,0.977,-47.793,-60.274,-18.022
IMU,2.323,-0.082,-0.196,1.022,-29.725,-44.587,-35.496
IMU,2.329,-0.055,-0.263,1.04,-1.213,-9.152,-39.03
IMU,2.336,-0.195,-0.281,1.0,33.549,24.381,-16.19
IMU,2.339,-0.169,-0.241,1.036,41.969,24.038,6.816
IMU,2.347,-0.096,-0.216,1.012,50.74,23.29,-8.954
IMU,2.355,-0.047,-0.166,1.05,28.244,3.404,-21.877
IMU,2.359,0.039,-0.174,1.016,39.122,3.618,-32.679
IMU,2.367,0.115,-0.309,1.079,29.129,16.206,-17.923
IMU,2.373,0.098,-0.217,1.014,-2.068,13.03,4.29
IMU,2.376,-0.0,-0.234,1.08,-17.076,-7.503,18.282
IMU,2.383,0.047,-0.249,1.144,-29.824,-5.961,10.099
IMU,2.387,0.091,-0.21,1.054,-33.167,0.145,0.442
IMU,2.392,-0.001,-0.241,1.029,-48.549,-13.641,8.442
IMU,2.395,0.015,-0.246,1.047,-57.541,-21.862,13.694
IMU,2.399,0.008,-0.304,1.038,-62.847,-18.656,22.9
IMU,2.404,-0.023,-0.364,1.021,-67.068,-18.641,4.694
IMU,2.408,0.001,-0.283,0.994,-72.45,-15.312,4.335
IMU,2.415,0.002,-0.27,0.986,-71.725,-19.458,6.137
IMU,2.419,-0.019,-0.266,0.993,-62.801,-18.648,11.007
IMU,2.423,-0.029,-0.259,0.982,-53.648,-5.893,11.29
IMU,2.43,-0.036,-0.258,0.96,-36.312,-5.206,3.839
IMU,2.438,-0.026,-0.268,0.959,-15.458,-0.496,-4.183
IMU,2.441,-0.018,-0.286,0.956,-1.458,2.534,-2.007
IMU,2.446,-0.003,-0.291,0.969,11.862,8.961,-4.58
IMU,2.449,0.003,-0.297,0.958,21.29,14.061,-1.877
IMU,2.453,-0.002,-0.307,0.968,30.496,13.816,2.923
IMU,2.459,-0.004,-0.283,0.974,44.664,16.938,2.732
IMU,2.463,-0.011,-0.268,0.984,53.725,13.511,7.854
IMU,2.47,-0.029,-0.254,0.992,62.709,16.58,2.969
IMU,2.475,-0.023,-0.245,1.014,67.259,18.969,3.496
IMU,2.479,-0.004,-0.26,1.041,71.167,28.717,5.038
IMU,2.483,-0.001,-0.266,1.07,70.755,35.442,6.396
IMU,2.486,0.023,-0.27,1.063,69.954,40.083,15.984
IMU,2.492,-0.009,-0.236,1.044,53.381,24.015,25.015
IMU,2.495,-0.004,-0.204,1.06,28.58,9.564,26.687
IMU,2.502,-0.03,-0.151,1.067,18.534,-1.664,26.412
IMU,2.507,-0.012,-0.134,1.056,8.419,-0.923,25.267
IMU,2.51,-0.038,-0.179,1.037,0.122,-5.9,18.496
IMU,2.514,-0.059,-0.169,1.049,-10.297,-13.351,15.488
IMU,2.52,-0.057,-0.159,1.069,-18.206,-15.061,15.511
IMU,2.523,-0.018,-0.204,1.068,-25.977,-9.664,8.236
IMU,2.528,-0.07,-0.177,1.048,-37.106,-15.198,9.496
IMU,2.532,-0.095,-0.298,1.06,-37.419,-19.167,18.847
IMU,2.536,-0.11,-0.237,1.026,-48.923,-20.893,13.984
IMU,2.541,-0.104,-0.281,1.043,-53.251,-17.557,-0.893
IMU,2.545,-0.05,-0.242,1.025,-51.725,-10.778,-5.908
IMU,2.552,-0.012,-0.253,1.014,-53.267,-14.297,-7.603
IMU,2.557,-0.001,-0.272,1.012,-52.465,-14.167,-1.519
IMU,2.561,0.0,-0.271,1.003,-51.557,-18.748,-1.74
IMU,2.565,-0.012,-0.285,0.999,-47.358,-14.832,2.251
IMU,2.568,-0.009,-0.27,1.009,-44.595,-12.267,5.061
IMU,2.572,-0.021,-0.267,0.989,-41.099,-6.221,9.175
IMU,2.58,-0.043,-0.243,0.989,-30.862,-9.694,2.992
IMU,2.583,-0.03,-0.255,0.992,-24.931,-6.007,0.45
IMU,2.591,-0.022,-0.271,0.982,-7.526,-5.038,-4.061
IMU,2.596,-0.005,-0.278,0.981,-1.977,-0.725,-1.938
IMU,2.6,-0.003,-0.27,0.978,4.381,-2.045,-2.748
IMU,2.607,-0.012,-0.276,1.001,9.625,-0.328,-0.343
IMU,2.611,-0.027,-0.267,1.001,14.969,8.396,0.007
IMU,2.615,-0.026,-0.264,0.993,15.267,-1.274,1.16
IMU,2.618,-0.029,-0.26,1.003,18.305,-0.923,2.816
IMU,2.622,-0.033,-0.247,1.014,24.175,8.473,-2.564
IMU,2.628,-0.053,-0.223,1.022,33.366,16.862,-11.007
IMU,2.631,-0.069,-0.215,0.997,31.381,14.305,-18.427
IMU,2.636,-0.059,-0.213,1.001,26.679,6.427,-24.221
IMU,2.639,-0.057,-0.248,1.022,18.74,-0.625,-29.916
IMU,2.645,-0.073,-0.204,1.007,21.541,0.48,-36.511
IMU,2.65,-0.03,-0.243,1.038,24.061,-4.832,-40.671
IMU,2.654,-0.014,-0.252,1.013,28.183,11.816,-40.916
IMU,2.658,-0.003,-0.272,1.015,28.938,10.083,-36.061
IMU,2.664,-0.06,-0.255,1.032,24.923,5.625,-9.236
IMU,2.668,-0.032,-0.271,1.048,29.244,5.748,5.389
IMU,2.674,0.006,-0.19,1.026,34.847,17.122,-0.633
IMU,2.679,-0.065,-0.234,1.016,20.137,-0.45,-6.488
IMU,2.683,-0.001,-0.214,1.03,24.213,1.45,-20.419
IMU,2.689,-0.01,-0.391,1.03,19.458,11.923,-23.091
IMU,2.692,0.04,-0.284,1.039,12.625,2.412,-13.839
IMU,2.701,0.027,-0.27,1.045,1.549,-5.16,9.465
IMU,2.705,-0.008,-0.231,1.037,-1.442,-7.213,12.473
IMU,2.709,-0.033,-0.209,1.03,-5.549,-3.442,11.595
IMU,2.713,-0.05,-0.178,1.035,-7.343,-1.267,9.557
IMU,2.716,-0.057,-0.191,1.039,-8.931,2.549,0.16
IMU,2.722,-0.06,-0.194,1.019,-9.862,0.282,-6.045
IMU,2.729,-0.036,-0.216,1.017,-8.916,-0.587,-13.038
IMU,2.732,-0.017,-0.22,1.012,-10.526,-6.572,-18.664
IMU,2.737,0.008,-0.26,1.022,-9.0,0.358,-11.282
IMU,2.74,0.012,-0.263,1.023,-10.603,-4.267,-1.106
IMU,2.749,0.012,-0.27,1.021,-10.221,2.641,7.221
IMU,2.756,-0.021,-0.245,1.021,-8.068,1.58,11.809
IMU,2.761,-0.034,-0.21,1.011,-5.091,1.801,8.099
IMU,2.765,-0.039,-0.212,1.004,-5.114,4.725,6.824
IMU,2.769,-0.041,-0.211,1.003,-0.839,1.877,-0.328
IMU,2.777,-0.02,-0.228,1.013,4.603,3.732,-3.809
IMU,2.781,-0.024,-0.255,1.008,6.618,5.206,-2.572
IMU,2.787,-0.01,-0.26,1.008,10.16,5.618,1.213
IMU,2.79,-0.019,-0.242,1.024,10.908,6.282,2.16
IMU,2.795,-0.009,-0.234,1.017,13.801,1.908,1.274
IMU,2.799,-0.029,-0.232,1.008,13.641,8.694,5.114
IMU,2.802,-0.028,-0.225,1.026,15.16,9.335,4.961
IMU,2.808,-0.033,-0.213,1.025,16.19,8.549,-0.503
IMU,2.811,-0.031,-0.211,1.027,17.984,2.511,-1.9
IMU,2.818,-0.029,-0.214,1.024,17.244,3.221,-1.77
IMU,2.823,-0.023,-0.234,1.033,16.351,2.587,0.015
IMU,2.826,-0.019,-0.233,1.037,16.244,4.427,0.282
IMU,2.833,-0.017,-0.208,1.035,12.816,8.259,3.183
IMU,2.838,0.007,-0.241,1.064,11.687,9.412,5.648
IMU,2.842,0.045,-0.286,1.092,12.58,23.656,13.992
IMU,2.848,-0.004,-0.242,1.048,3.526,20.74,28.374
IMU,2.851,-0.008,-0.235,1.047,-12.496,11.595,36.45
IMU,2.857,-0.022,-0.179,1.051,-28.87,3.435,35.45
IMU,2.862,0.051,-0.146,1.069,-34.748,-1.221,18.717
IMU,2.866,0.079,-0.104,1.052,-36.908,4.374,12.503
IMU,2.871,0.069,-0.202,1.021,-52.137,-11.557,23.519
IMU,2.874,-0.034,-0.192,1.071,-58.106,-26.541,36.702
IMU,2.878,-0.116,-0.346,1.039,-65.656,-49.893,37.778
IMU,2.884,-0.032,-0.258,1.034,-66.473,-34.877,38.282
IMU,2.887,-0.009,-0.154,1.021,-55.083,-17.519,35.961
IMU,2.894,0.047,-0.174,0.982,-42.129,-8.007,46.656
IMU,2.902,-0.025,-0.328,1.104,-30.648,-31.0,63.702
IMU,2.905,-0.243,-0.393,1.055,-16.374,-28.305,46.916
IMU,2.913,0.027,-0.184,0.913,-4.351,-10.206,51.977
IMU,2.917,0.043,-0.216,0.741,2.709,7.206,39.473
IMU,2.924,-0.037,-0.345,0.898,26.61,-2.763,43.702
IMU,2.932,0.013,-0.376,0.97,20.572,-20.259,49.022
IMU,2.935,-0.084,-0.291,1.021,36.175,-10.076,49.427
IMU,2.941,-0.012,-0.267,0.997,48.435,9.87,47.183
IMU,2.945,0.011,-0.281,1.027,65.534,30.091,55.74
IMU,2.951,0.095,-0.278,1.03,63.648,20.366,50.519
IMU,2.956,-0.111,-0.178,1.014,44.183,0.572,32.412
IMU,2.96,-0.01,-0.15,0.981,32.351,-35.687,46.709
IMU,2.964,0.043,-0.181,1.075,30.763,-30.229,55.335
IMU,2.967,0.017,-0.233,1.154,52.267,0.687,49.053
IMU,2.971,-0.129,-0.187,0.97,59.305,2.175,26.725
IMU,2.979,0.021,-0.257,1.112,36.091,-1.328,39.809
IMU,2.983,-0.049,-0.312,1.113,48.931,18.343,43.458
IMU,2.988,-0.031,-0.24,1.03,31.969,20.03,50.244
IMU,2.991,-0.118,-0.219,1.016,-5.106,-21.671,47.022
IMU,2.996,-0.14,-0.189,1.12,-25.274,-38.816,32.267
IMU,3.0,0.024,-0.162,1.094,-24.061,-15.251,27.587
IMU,3.003,-0.027,-0.156,1.02,-24.32,0.152,12.412
IMU,3.011,-0.1,-0.125,1.008,-37.832,-23.496,43.816
IMU,3.016,-0.029,-0.234,1.113,-25.274,4.748,40.534
IMU,3.02,-0.099,-0.23,1.05,-26.58,16.778,38.053
IMU,3.027,-0.117,-0.222,1.007,-71.45,-24.305,26.77
IMU,3.031,-0.068,-0.185,1.044,-80.572,-34.984,11.618
IMU,3.035,0.003,-0.237,1.06,-73.206,-18.435,1.19
IMU,3.038,-0.029,-0.238,1.032,-71.603,-2.122,-4.122
IMU,3.042,-0.092,-0.294,1.107,-75.595,-17.458,4.931
IMU,3.048,0.027,-0.262,1.05,-66.641,2.656,42.045
IMU,3.051,0.019,-0.247,0.998,-72.625,-12.068,37.335
IMU,3.057,-0.081,-0.315,1.016,-83.916,-28.839,36.351
IMU,3.065,0.059,-0.26,1.031,-67.519,-10.244,17.48
IMU,3.069,0.086,-0.218,0.999,-64.648,5.885,6.916
IMU,3.073,-0.065,-0.3,0.956,-55.442,-17.0,25.656
IMU,3.078,-0.071,-0.283,0.969,-74.641,-39.77,16.511
IMU,3.082,-0.056,-0.289,1.022,-67.496,-40.274,12.305
IMU,3.089,-0.005,-0.344,0.995,-40.19,-7.549,-1.778
IMU,3.094,-0.111,-0.31,0.957,-25.534,-6.549,13.595
IMU,3.098,0.0,-0.385,0.99,-20.488,-2.48,26.687
IMU,3.104,-0.02,-0.358,1.073,-6.862,3.969,12.32
IMU,3.107,0.027,-0.279,0.904,-10.87,-1.557,8.404
IMU,3.112,0.006,-0.215,0.965,-8.343,-11.435,17.328
IMU,3.115,-0.09,-0.242,1.054,-12.236,-20.954,28.519
IMU,3.119,0.004,-0.292,0.955,-8.725,-19.877,35.763
IMU,3.125,0.035,-0.317,0.943,-8.45,-12.992,5.816
IMU,3.128,-0.064,-0.324,0.969,-12.541,-9.557,-0.595
IMU,3.135,-0.072,-0.312,1.008,-15.175,-9.656,2.893
IMU,3.14,0.027,-0.294,0.77,-29.633,4.763,-8.702
IMU,3.144,-0.048,-0.436,1.125,-39.419,-8.946,-12.61
IMU,3.15,0.048,-0.284,0.974,-44.053,-8.572,7.381
IMU,3.154,0.022,-0.372,1.121,-43.725,11.755,12.893
IMU,3.159,0.165,-0.288,0.962,-48.236,15.404,13.458
IMU,3.163,0.037,-0.27,0.891,-52.137,4.656,21.58
IMU,3.167,-0.063,-0.204,0.747,-72.381,-45.312,16.648
IMU,3.172,0.049,-0.343,0.94,-117.122,-60.412,-7.885
IMU,3.175,0.104,-0.213,0.788,-115.007,-18.274,-26.32
IMU,3.18,-0.042,-0.039,0.456,-120.29,-15.244,-44.335
IMU,3.186,-0.037,-0.293,0.833,-87.076,7.717,-56.9
IMU,3.189,0.095,-0.415,1.15,-48.557,26.664,-27.007
IMU,3.196,-0.112,-0.647,1.692,-114.053,-2.167,29.679
IMU,3.204,-0.114,-1.102,1.99,-155.335,0.839,15.755
IMU,3.208,0.279,-0.187,0.477,-228.58,-6.687,35.832
IMU,3.213,0.082,-0.511,0.896,-190.732,-28.297,-60.961
IMU,3.216,-0.02,-0.748,1.123,-145.045,-27.351,-3.77
IMU,3.225,-0.0,-0.467,1.001,-176.885,55.702,-24.946
IMU,3.234,0.026,-0.361,0.264,-172.091,13.755,-34.488
IMU,3.24,0.135,-0.609,0.538,-181.48,6.099,15.236
IMU,3.244,0.018,-0.66,0.765,-146.618,-59.229,-53.908
IMU,3.249,-0.336,-1.254,1.999,-147.77,81.748,-59.458
IMU,3.253,-0.559,-1.928,1.999,-14.229,-90.572,-106.687
IMU,3.257,-0.051,-0.417,0.849,-53.435,131.458,-17.778
IMU,3.263,0.153,-0.015,-0.174,-101.175,54.236,-79.541
IMU,3.266,0.163,-0.156,0.367,-63.633,217.717,-90.259
IMU,3.273,-0.352,-1.592,1.999,-92.213,46.923,-139.908
IMU,3.278,0.091,-0.241,0.079,-123.763,9.435,-100.061
IMU,3.281,0.157,0.031,-0.135,-168.511,129.435,-125.282
IMU,3.285,0.209,0.05,-0.124,-106.977,235.419,-90.297
IMU,3.291,-0.018,-0.902,0.685,-161.236,62.343,-193.213
IMU,3.294,0.212,0.027,-0.153,-104.954,5.335,-250.137
IMU,3.301,0.022,-0.902,1.06,-60.305,136.931,-87.702
IMU,3.305,0.084,-1.219,0.918,-140.709,38.358,-202.488
IMU,3.31,-0.704,-2.0,1.999,-116.0,33.412,-61.931
IMU,3.316,0.169,0.029,-0.096,-250.137,192.946,-250.137
IMU,3.32,-0.017,0.04,-0.19,-250.137,49.458,-200.114
IMU,3.325,0.304,-2.0,1.999,-250.137,250.129,-6.106
IMU,3.328,-0.028,-0.522,0.177,-250.137,250.129,-250.137
IMU,3.334,-0.013,0.15,-0.156,-54.106,10.938,-135.664
IMU,3.339,-0.465,-1.916,1.577,-149.564,-108.389,-203.557
IMU,3.342,-0.062,-1.555,1.428,-83.717,250.129,-52.847
IMU,3.346,-0.165,0.141,-0.16,-250.137,-19.236,-90.244
IMU,3.352,0.041,0.039,-0.079,-168.557,130.412,-62.664
IMU,3.356,0.004,0.123,-0.14,-153.946,57.587,-250.137
IMU,3.363,-0.73,-2.0,1.999,250.129,-175.404,-141.458
IMU,3.371,-0.0,0.124,-0.125,-187.862,175.931,-250.137
IMU,3.374,-0.343,-1.362,1.207,-39.557,-51.053,-190.03
IMU,3.379,-0.055,-2.0,1.999,238.9,250.129,-179.931
IMU,3.382,0.173,-0.83,0.552,-152.587,250.129,-248.152
IMU,3.386,0.081,0.151,-0.09,-48.732,168.656,-142.419
IMU,3.392,0.137,0.168,-0.021,-31.267,250.129,-171.725
IMU,3.395,-0.021,0.192,-0.123,121.343,87.87,-250.137
IMU,3.402,0.388,0.098,0.078,17.725,250.129,-250.137
IMU,3.406,0.41,-0.093,0.291,-120.458,250.129,-142.625
IMU,3.411,-0.037,-2.0,1.999,-69.29,52.587,-157.496
IMU,3.417,-0.639,-2.0,1.999,-134.061,82.175,-250.137
IMU,3.421,-0.092,-1.036,1.015,-217.908,-73.625,-154.465
IMU,3.426,-0.092,0.064,0.034,-250.137,-39.9,-207.335
IMU,3.429,-0.562,1.999,0.374,39.755,171.381,-250.137
IMU,3.435,-0.785,0.313,0.623,201.969,-12.633,-250.137
IMU,3.44,-0.561,-0.596,0.452,249.358,99.763,-85.122
IMU,3.443,-0.041,-0.504,0.312,215.465,-16.297,-3.763
IMU,3.447,0.304,-1.308,1.685,250.129,85.603,112.45
IMU,3.453,0.049,-0.845,1.716,174.221,70.083,70.083
IMU,3.457,-0.052,-0.597,1.007,8.908,26.931,25.389
IMU,3.464,-0.382,-1.571,1.999,-138.984,-78.259,-73.442
IMU,3.468,0.263,0.092,0.265,-250.137,-66.793,-126.778
IMU,3.472,0.138,0.038,0.133,-250.137,52.366,-118.099
IMU,3.476,-0.398,-0.94,0.941,-250.137,62.465,-41.992
IMU,3.479,-0.33,-0.488,0.57,-239.702,-58.503,-23.954
IMU,3.485,-0.069,-0.549,0.594,-156.725,21.862,7.374
IMU,3.488,-0.102,0.118,-0.021,-171.664,27.343,42.755
IMU,3.495,-0.124,-0.656,0.629,-128.16,-32.236,8.305
IMU,3.5,-0.065,-0.667,0.803,-85.9,25.572,0.312
IMU,3.503,-0.082,-0.529,0.571,-90.969,6.137,-12.931
IMU,3.51,-0.11,-0.845,0.883,-56.74,3.343,-27.152
IMU,3.514,0.043,-1.001,1.098,-36.977,8.312,-15.259
IMU,3.518,0.081,-0.547,0.712,-32.618,-2.152,-21.526
IMU,3.524,0.068,-0.914,0.878,-18.137,-2.946,1.213
IMU,3.527,0.052,-0.721,0.765,-26.503,-23.839,16.114
IMU,3.532,0.147,-0.722,0.714,-30.778,-23.832,15.984
IMU,3.535,0.148,-0.775,0.717,-45.419,-5.671,16.564
IMU,3.539,0.169,-0.863,0.761,-51.19,-7.351,16.251
IMU,3.547,0.091,-0.754,0.729,-61.206,-24.877,25.557
IMU,3.551,0.118,-0.979,0.743,-64.87,-38.58,13.183
IMU,3.559,0.095,-0.89,0.746,-59.129,-43.282,10.366
IMU,3.565,-0.032,-1.63,1.099,-20.77,-22.725,16.679
IMU,3.569,0.145,-0.797,0.484,-59.984,-42.229,28.274
IMU,3.575,-0.149,-0.352,0.562,-34.48,8.519,-12.961
IMU,3.58,-0.11,-0.556,0.493,-8.48,42.671,-14.305
IMU,3.584,-0.207,-1.225,0.947,20.618,49.129,-30.053
IMU,3.59,0.027,-0.798,0.653,23.603,41.664,-12.732
IMU,3.593,-0.024,-0.341,0.807,-2.877,8.725,-31.19
IMU,3.598,0.071,-0.456,0.554,7.351,-0.908,-33.946
IMU,3.601,0.246,-0.375,0.273,24.87,18.809,27.954
IMU,3.605,0.225,-0.765,0.58,-8.091,13.854,17.641
IMU,3.611,0.019,-0.502,0.323,-9.198,-23.702,50.091
IMU,3.614,-0.064,-0.362,0.43,-6.503,-41.877,53.503
IMU,3.623,-0.136,-0.622,0.59,6.694,-34.236,47.587
IMU,3.629,-0.235,-0.863,0.72,18.61,6.778,-2.435
IMU,3.633,-0.24,-0.783,0.674,22.175,11.351,-23.809
IMU,3.638,-0.349,-0.756,0.659,25.793,19.839,-33.099
IMU,3.641,-0.243,-0.858,0.725,28.114,18.908,-56.839
IMU,3.646,-0.011,-0.797,0.671,-14.236,84.297,-56.725
IMU,3.651,0.013,-0.813,0.663,-4.931,66.938,-72.236
IMU,3.656,-0.002,-0.774,0.683,5.32,58.007,-78.381
IMU,3.66,0.047,-0.721,0.688,15.717,50.763,-71.519
IMU,3.666,0.104,-0.686,0.701,12.389,58.427,-51.244
IMU,3.669,0.068,-0.728,0.737,9.977,54.526,-38.03
IMU,3.674,0.034,-0.724,0.75,8.221,42.946,-22.877
IMU,3.677,0.178,-0.602,0.703,19.748,27.305,0.778
IMU,3.681,0.212,-0.611,0.677,22.0,30.671,34.274
IMU,3.689,0.146,-0.648,0.747,48.763,-59.328,73.122
IMU,3.692,0.128,-0.813,0.688,19.465,-47.19,59.389
IMU,3.698,0.114,-0.855,0.763,-17.435,-47.061,38.77
IMU,3.701,0.027,-0.899,0.8,-58.137,-46.969,45.465
IMU,3.708,0.075,-1.08,0.874,-50.923,-17.946,40.58
IMU,3.713,-0.125,-1.188,0.896,-62.839,-24.603,27.633
IMU,3.716,-0.052,-0.611,0.609,-67.274,-3.664,16.877
IMU,3.723,-0.043,-0.983,0.799,-45.305,-8.9,-4.068
IMU,3.731,-0.126,-0.863,0.711,-1.641,9.931,-6.893
IMU,3.734,-0.158,-0.706,0.643,24.312,11.053,-9.496
IMU,3.739,-0.061,-0.769,0.663,43.099,15.152,-13.358
IMU,3.743,-0.036,-0.794,0.671,46.267,16.572,-16.427
IMU,3.747,-0.013,-0.798,0.687,47.152,28.19,-24.129
IMU,3.752,-0.013,-0.791,0.707,45.748,29.519,-27.465
IMU,3.757,0.002,-0.783,0.716,42.251,29.312,-26.496
IMU,3.763,0.051,-0.747,0.752,45.473,17.068,-12.938
IMU,3.767,0.057,-0.766,0.76,34.221,5.908,-6.625
IMU,3.771,0.027,-0.764,0.771,23.114,8.32,-10.152
IMU,3.775,0.062,-0.768,0.767,4.984,6.877,-7.083
IMU,3.778,-0.009,-0.81,0.757,-3.396,10.946,-9.068
IMU,3.784,-0.018,-0.77,0.761,-20.305,-1.267,-0.572
IMU,3.787,0.016,-0.78,0.754,-27.061,13.412,-0.083
IMU,3.792,-0.023,-0.693,0.704,-29.32,1.549,3.519
IMU,3.798,-0.037,-0.689,0.752,-12.656,-1.267,6.534
IMU,3.801,-0.041,-0.747,0.748,-11.77,-3.076,-0.328
IMU,3.806,-0.006,-0.755,0.733,-12.923,4.19,-1.809
IMU,3.809,-0.002,-0.763,0.72,-18.061,1.045,-2.435
IMU,3.815,0.009,-0.763,0.718,-19.633,1.015,-0.389
IMU,3.82,0.011,-0.766,0.716,-22.343,-6.832,1.198
IMU,3.823,0.017,-0.783,0.706,-25.0,1.244,1.259
IMU,3.827,0.018,-0.784,0.706,-26.702,-6.832,12.587
IMU,3.833,0.001,-0.759,0.715,-28.557,-6.61,8.221
IMU,3.836,-0.002,-0.755,0.708,-27.916,-2.61,5.488
IMU,3.846,-0.009,-0.779,0.694,-19.702,4.58,1.618
IMU,3.852,0.004,-0.777,0.671,-12.763,4.458,0.366
IMU,3.857,0.021,-0.784,0.681,-11.015,-5.961,1.374
IMU,3.861,0.055,-0.784,0.676,-13.061,-7.068,7.541
IMU,3.864,0.044,-0.767,0.689,-15.366,2.534,0.671
IMU,3.871,0.023,-0.806,0.671,-18.458,-1.206,1.603
IMU,3.876,-0.07,-0.747,0.681,-13.984,-8.404,5.931
IMU,3.879,-0.032,-0.759,0.668,-7.076,-11.694,6.404
IMU,3.885,-0.01,-0.751,0.667,6.839,-2.58,3.709
IMU,3.888,-0.035,-0.765,0.661,14.251,1.709,-2.122
IMU,3.893,-0.019,-0.771,0.68,18.633,3.007,-0.87
IMU,3.897,0.034,-0.781,0.692,16.717,5.839,-1.595
IMU,3.9,0.038,-0.789,0.696,14.61,5.938,-4.076
IMU,3.908,0.129,-0.793,0.708,3.496,15.534,-4.61
IMU,3.913,0.104,-0.774,0.656,-7.32,-0.045,-0.954
IMU,3.917,0.018,-0.811,0.72,-8.45,-2.633,6.908
IMU,3.924,-0.01,-0.791,0.681,-11.343,-9.786,11.244
IMU,3.928,0.001,-0.677,0.652,-10.603,-14.977,8.931
IMU,3.932,-0.046,-0.786,0.683,-3.763,-1.885,-0.442
IMU,3.935,-0.051,-0.764,0.715,6.931,16.656,-12.717
IMU,3.944,-0.066,-0.736,0.655,15.633,15.519,-16.068
IMU,3.951,-0.051,-0.725,0.691,38.618,9.824,-4.374
IMU,3.955,0.02,-0.766,0.703,43.969,8.778,-3.519
IMU,3.96,-0.016,-0.782,0.732,42.091,4.335,-5.77
IMU,3.963,-0.007,-0.778,0.735,35.137,6.656,-4.679
IMU,3.967,0.046,-0.763,0.741,16.679,12.511,-4.862
IMU,3.973,0.033,-0.779,0.732,4.854,11.473,-13.992
IMU,3.979,0.016,-0.78,0.702,-14.374,9.137,-7.29
IMU,3.983,0.001,-0.737,0.699,-8.488,-4.587,2.625
IMU,3.988,0.0,-0.712,0.711,-10.167,-8.206,1.557
IMU,3.991,-0.0,-0.776,0.716,-19.374,11.603,-2.366
IMU,4.0,-0.035,-0.733,0.716,-16.923,6.343,-0.175
IMU,4.007,0.015,-0.801,0.7,-12.877,4.748,1.664
IMU,4.011,0.006,-0.758,0.701,-16.809,7.847,-7.259
IMU,4.015,-0.005,-0.75,0.688,-8.763,-5.519,-0.48
IMU,4.019,0.001,-0.752,0.688,-7.679,-2.335,-0.564
IMU,4.022,0.021,-0.795,0.689,-10.847,4.969,-0.419
IMU,4.028,0.017,-0.769,0.7,-4.931,-0.816,1.877
IMU,4.031,-0.0,-0.758,0.702,-5.603,-2.526,1.664
IMU,4.036,-0.005,-0.759,0.701,-2.465,-11.061,1.419
IMU,4.042,-0.001,-0.755,0.728,6.938,-9.129,7.832
IMU,4.046,0.006,-0.765,0.723,0.458,9.992,1.038
IMU,4.053,0.011,-0.759,0.718,-1.145,-2.297,0.19
IMU,4.061,0.019,-0.775,0.708,-8.679,-5.03,7.763
IMU,4.065,0.02,-0.764,0.71,-10.343,-13.58,9.251
IMU,4.069,0.001,-0.755,0.719,-14.786,-16.74,10.679
IMU,4.072,-0.026,-0.761,0.701,-15.954,0.122,4.328
IMU,4.081,-0.019,-0.772,0.703,-14.099,2.549,1.931
IMU,4.088,0.006,-0.776,0.673,-10.534,0.351,1.465
IMU,4.092,0.007,-0.779,0.671,-6.404,-0.259,-3.175
IMU,4.096,0.01,-0.774,0.666,-2.458,3.664,2.801
IMU,4.1,0.005,-0.783,0.668,0.778,-4.16,0.969
IMU,4.103,-0.005,-0.794,0.686,4.229,-9.564,1.572
IMU,4.109,-0.005,-0.761,0.706,6.29,-4.526,0.137
IMU,4.112,0.005,-0.771,0.709,4.16,1.305,1.251
IMU,4.121,0.001,-0.768,0.711,0.236,3.603,0.267
IMU,4.128,-0.035,-0.752,0.728,-5.984,6.458,-4.244
IMU,4.133,0.007,-0.784,0.704,-10.114,6.129,-6.946
IMU,4.138,0.035,-0.787,0.711,-10.45,-1.427,-2.282
IMU,4.143,-0.007,-0.779,0.707,-10.854,-0.847,1.839
IMU,4.147,-0.007,-0.769,0.702,-11.839,1.29,-0.656
IMU,4.152,-0.005,-0.773,0.688,-9.778,-4.007,-0.106
IMU,4.156,0.011,-0.774,0.689,-10.137,2.16,-1.931
IMU,4.159,0.02,-0.778,0.689,-9.29,4.396,-1.183
IMU,4.165,-0.001,-0.768,0.678,-4.992,-0.755,-0.58
IMU,4.168,0.0,-0.765,0.694,-3.656,2.732,-0.854
IMU,4.175,0.009,-0.771,0.697,-1.954,2.862,-0.786
IMU,4.18,0.006,-0.785,0.684,-2.305,3.45,0.923
IMU,4.183,0.004,-0.779,0.691,-1.32,-0.007,-1.236
IMU,4.187,-0.005,-0.782,0.708,-2.19,0.114,-1.343
IMU,4.195,-0.009,-0.775,0.709,-3.381,-3.312,2.931
IMU,4.198,-0.007,-0.79,0.706,-4.74,0.503,-0.717
IMU,4.204,0.004,-0.773,0.704,-7.419,-0.648,-0.061
IMU,4.208,0.005,-0.783,0.704,-10.396,0.877,3.137
IMU,4.216,0.01,-0.777,0.706,-10.374,-3.099,0.068
IMU,4.223,-0.001,-0.773,0.7,-12.847,-0.732,-0.358
IMU,4.227,0.001,-0.777,0.691,-11.175,0.114,-1.427
IMU,4.232,0.004,-0.775,0.681,-10.847,1.404,-3.351
IMU,4.239,0.0,-0.774,0.684,-9.732,1.206,2.618
IMU,4.242,-0.005,-0.772,0.674,-7.954,3.19,-3.572
IMU,4.249,0.005,-0.779,0.687,-3.778,2.839,-2.526
IMU,4.254,0.011,-0.782,0.682,-2.267,0.137,1.114
IMU,4.259,-0.004,-0.782,0.685,-0.679,1.122,-1.473
IMU,4.264,0.007,-0.776,0.691,-1.244,-2.755,-3.595
IMU,4.268,-0.002,-0.774,0.698,-1.541,4.557,-1.503
IMU,4.273,-0.002,-0.784,0.697,-1.664,1.03,1.45
IMU,4.276,-0.003,-0.769,0.69,-2.755,-0.633,-2.0
IMU,4.28,0.01,-0.775,0.693,-3.809,0.847,-0.259
IMU,4.286,-0.0,-0.785,0.703,-4.343,0.374,-0.198
IMU,4.289,-0.001,-0.776,0.694,-4.732,-1.053,0.923
IMU,4.296,0.001,-0.769,0.689,-3.091,4.053,-3.038
IMU,4.301,0.006,-0.774,0.679,-5.961,0.77,0.389
IMU,4.304,-0.008,-0.773,0.701,-5.221,-6.496,1.206
IMU,4.308,-0.004,-0.774,0.699,-5.832,4.923,-1.152
IMU,4.314,0.003,-0.763,0.713,-9.114,-1.068,-0.549
IMU,4.317,0.008,-0.783,0.71,-10.305,6.183,-2.984
IMU,4.324,0.011,-0.784,0.708,-16.206,0.297,1.633
IMU,4.328,0.01,-0.784,0.712,-19.862,-4.198,3.129
IMU,4.333,0.012,-0.796,0.699,-23.061,-3.183,3.221
IMU,4.34,-0.015,-0.769,0.687,-28.335,-12.656,4.244
IMU,4.343,-0.021,-0.764,0.688,-29.931,-5.877,4.083
IMU,4.35,-0.003,-0.772,0.694,-31.793,-3.496,2.198
IMU,4.355,0.001,-0.793,0.673,-31.213,-7.099,-0.106
IMU,4.36,0.006,-0.781,0.675,-31.198,-0.259,1.954
IMU,4.365,-0.008,-0.785,0.666,-34.267,-6.648,4.473
IMU,4.369,-0.019,-0.796,0.666,-29.45,-3.259,-1.778
IMU,4.374,-0.006,-0.795,0.668,-29.969,-2.122,2.557
IMU,4.382,0.006,-0.798,0.659,-27.259,1.511,-2.229
IMU,4.386,0.01,-0.799,0.655,-25.862,-1.587,-2.274
IMU,4.39,0.01,-0.806,0.658,-23.732,-4.015,2.862
IMU,4.395,0.006,-0.796,0.649,-18.809,-3.229,0.312
IMU,4.399,0.002,-0.801,0.655,-18.274,-4.801,4.358
IMU,4.406,0.008,-0.796,0.658,-16.381,0.885,0.549
IMU,4.414,-0.003,-0.792,0.669,-16.618,1.709,-0.557
IMU,4.417,-0.006,-0.795,0.665,-15.732,0.053,1.229
IMU,4.422,0.0,-0.808,0.661,-16.488,3.106,-2.358
IMU,4.425,0.0,-0.805,0.669,-16.236,6.755,-2.183
IMU,4.429,0.014,-0.814,0.655,-17.755,-3.236,1.671
IMU,4.435,-0.002,-0.811,0.648,-17.618,-2.083,-1.381
IMU,4.439,0.008,-0.807,0.647,-16.732,-1.419,-0.083
IMU,4.446,0.012,-0.808,0.644,-12.389,0.503,1.725
IMU,4.454,0.008,-0.808,0.648,-9.885,0.129,-0.9
IMU,4.459,-0.005,-0.814,0.643,-10.32,-5.801,-1.076
IMU,4.463,-0.003,-0.816,0.637,-10.465,2.0,1.824
IMU,4.466,0.008,-0.805,0.644,-7.885,-2.961,-1.167
IMU,4.47,0.003,-0.812,0.648,-5.366,-1.282,3.122
IMU,4.476,-0.012,-0.804,0.645,-4.259,1.534,-0.122
IMU,4.479,0.01,-0.818,0.651,-0.396,-0.717,0.763
IMU,4.486,0.011,-0.817,0.645,-4.916,-0.679,-1.9
IMU,4.494,0.011,-0.793,0.656,-1.77,-0.419,-1.061
IMU,4.497,0.021,-0.785,0.677,0.618,8.748,-5.648
IMU,4.502,0.035,-0.791,0.655,0.374,9.938,-9.061
IMU,4.505,-0.049,-0.883,0.642,0.053,3.167,-1.404
IMU,4.514,0.024,-0.788,0.645,0.847,1.969,0.595
IMU,4.522,0.015,-0.809,0.657,0.267,-1.793,-2.091
IMU,4.526,0.015,-0.843,0.649,2.305,-0.091,-1.137
IMU,4.535,-0.026,-0.805,0.673,4.442,1.16,3.305
IMU,4.542,-0.038,-0.793,0.654,8.801,8.641,-6.58
IMU,4.546,0.027,-0.838,0.676,4.969,4.778,-9.038
IMU,4.55,0.024,-0.819,0.662,4.175,3.603,0.145
IMU,4.556,-0.004,-0.812,0.656,-2.19,0.633,-0.48
IMU,4.56,-0.001,-0.808,0.665,-4.404,-2.312,-4.236
IMU,4.567,-0.007,-0.801,0.662,-4.534,1.625,-0.564
IMU,4.575,0.01,-0.817,0.658,-6.259,2.106,2.038
IMU,4.578,0.006,-0.806,0.647,-7.374,-5.656,-1.717
IMU,4.583,-0.002,-0.811,0.651,-8.938,-2.091,1.099
IMU,4.586,0.004,-0.812,0.649,-6.465,-1.343,-2.656
IMU,4.59,0.002,-0.808,0.636,-7.9,2.145,-1.038
IMU,4.596,0.001,-0.812,0.645,-5.29,-2.03,-0.022
IMU,4.599,0.002,-0.818,0.643,-4.022,6.0,-0.183
IMU,4.606,0.006,-0.819,0.642,-0.58,2.19,-3.305
IMU,4.611,-0.001,-0.812,0.643,-0.404,-2.595,-2.152
IMU,4.615,0.004,-0.8,0.648,0.358,1.145,2.312
IMU,4.621,-0.011,-0.806,0.658,0.938,0.847,-2.206
IMU,4.624,-0.009,-0.811,0.647,0.465,-4.083,1.893
IMU,4.629,-0.008,-0.801,0.656,-0.106,-2.709,2.824
IMU,4.633,-0.002,-0.806,0.657,-0.541,-0.679,-2.274
IMU,4.637,-0.0,-0.803,0.658,-2.183,2.076,0.801
IMU,4.642,0.004,-0.803,0.652,-3.419,-2.213,-3.328
IMU,4.646,-0.002,-0.806,0.652,-4.77,0.091,-0.198
IMU,4.654,0.01,-0.81,0.656,-6.748,7.183,-0.129
IMU,4.662,0.0,-0.804,0.648,-6.87,2.58,-0.732
IMU,4.67,-0.001,-0.807,0.649,-4.167,2.389,-0.083
IMU,4.674,0.004,-0.814,0.645,-3.702,-1.244,1.442
IMU,4.682,0.006,-0.811,0.647,-2.305,-7.877,1.198
IMU,4.69,0.004,-0.81,0.662,-3.755,-3.595,-2.992
IMU,4.693,0.009,-0.815,0.654,-1.656,-0.717,1.145
IMU,4.701,0.009,-0.816,0.655,-2.648,1.671,-0.152
IMU,4.705,0.009,-0.817,0.66,-2.648,1.251,-0.671
IMU,4.713,-0.0,-0.814,0.652,-3.076,0.664,-2.351
IMU,4.72,0.005,-0.82,0.66,-3.335,5.9,0.763
IMU,4.724,0.008,-0.802,0.651,-2.87,7.29,0.32
IMU,4.732,0.011,-0.802,0.652,-3.969,-0.778,-1.076
IMU,4.74,-0.002,-0.812,0.659,-3.19,2.541,-2.603
IMU,4.744,-0.0,-0.818,0.649,-1.435,4.396,-1.358
IMU,4.751,-0.004,-0.81,0.655,-2.16,3.297,-0.977
IMU,4.755,-0.004,-0.821,0.661,-2.656,4.564,-0.328
IMU,4.763,-0.0,-0.815,0.65,-1.778,-1.053,-0.488
IMU,4.771,-0.003,-0.816,0.659,-3.839,4.58,-0.129
IMU,4.775,0.006,-0.819,0.656,-4.312,-3.595,-2.648
IMU,4.783,0.004,-0.802,0.644,-3.229,0.938,1.687
IMU,4.788,0.0,-0.811,0.651,-5.458,-0.076,2.923
IMU,4.792,-0.002,-0.802,0.655,-5.458,2.893,-1.106
IMU,4.799,-0.004,-0.807,0.652,-2.656,4.458,1.282
IMU,4.803,-0.004,-0.806,0.646,-2.595,-0.671,2.267
IMU,4.807,-0.024,-0.81,0.645,-4.213,4.038,-1.16
IMU,4.811,-0.001,-0.812,0.654,-3.083,-3.427,0.053
IMU,4.814,0.01,-0.81,0.648,-2.633,-1.564,-2.969
IMU,4.82,0.007,-0.805,0.652,-3.053,-3.534,1.183
IMU,4.823,0.0,-0.813,0.647,-2.519,0.847,0.061
IMU,4.832,-0.005,-0.807,0.652,-0.427,-2.427,-1.32
IMU,4.839,-0.0,-0.823,0.646,-0.335,-2.732,3.259
IMU,4.847,-0.001,-0.812,0.667,-2.213,2.282,1.083
IMU,4.851,-0.008,-0.805,0.652,-3.03,0.641,0.473
IMU,4.86,-0.004,-0.821,0.645,-3.099,-0.946,-0.938
IMU,4.865,0.01,-0.795,0.645,-2.259,1.007,0.77
IMU,4.868,0.003,-0.811,0.652,-2.374,2.465,2.19
IMU,4.875,0.009,-0.815,0.648,-1.129,-5.519,-1.839
IMU,4.879,-0.005,-0.801,0.644,-0.755,-2.198,-0.442
IMU,4.883,0.003,-0.811,0.654,-2.473,-2.809,0.816
IMU,4.887,-0.006,-0.817,0.652,-1.969,-5.938,-0.893
IMU,4.89,0.0,-0.809,0.635,-2.114,-0.725,2.916
IMU,4.896,0.007,-0.818,0.645,-0.465,-2.335,1.061
IMU,4.899,-0.005,-0.793,0.65,-1.038,0.282,-2.77
IMU,4.906,0.004,-0.82,0.66,-0.03,9.221,-0.564
IMU,4.911,0.004,-0.823,0.644,2.58,4.435,-1.061
IMU,4.914,0.005,-0.804,0.646,-0.305,3.259,-0.717
IMU,4.918,0.018,-0.817,0.648,-0.221,4.503,1.992
IMU,4.924,-0.01,-0.806,0.651,-1.282,-0.854,-2.526
IMU,4.928,0.007,-0.815,0.654,-0.335,-2.129,1.931
IMU,4.935,-0.007,-0.806,0.648,-2.206,-4.687,-0.396
IMU,4.94,0.004,-0.799,0.649,-2.03,-4.725,-0.618
IMU,4.944,-0.0,-0.805,0.638,-2.007,-0.381,-1.74
IMU,4.95,-0.001,-0.807,0.651,-2.175,-1.167,1.603
IMU,4.953,0.003,-0.814,0.66,-2.038,-2.274,-3.083
IMU,4.958,-0.003,-0.807,0.658,-1.106,-3.122,-2.305
IMU,4.967,0.0,-0.801,0.65,-5.213,1.74,0.175
IMU,4.97,0.0,-0.812,0.658,-4.687,1.305,0.259
IMU,4.974,0.0,-0.802,0.646,-4.671,-4.374,-1.77
IMU,4.98,-0.002,-0.801,0.647,-5.053,-2.748,-3.335
IMU,4.983,-0.01,-0.795,0.653,-1.305,-2.557,-0.541
IMU,4.99,0.003,-0.812,0.655,1.305,0.312,1.175
IMU,4.994,0.001,-0.806,0.648,2.938,1.763,-0.122
